Orville,Dyerson,73951 Morningstar Way,Lakewood,WA,98498,5108756620309093
Erwin,O'Corrane,5264 Cody Trail,Los Angeles,CA,90076,5048372132593381
Giovanni,Woolager,54 Center Way,Gary,IN,46406,5108757163997252
Giacopo,Daniau,740 Morningstar Way,Nashville,TN,37245,5048375480060358
Nani,Leeburn,3068 Declaration Park,Idaho Falls,ID,83405,5108758384863067
Karoly,Dingley,66 Springview Hill,Miami,FL,33134,5048371649315205
Edd,Doyle,102 Westend Lane,Loretto,MN,55598,5048371166456226
Trenton,Larby,1 Bashford Trail,Staten Island,NY,10310,5108756311034794
Cheslie,Kemston,45436 Oak Valley Avenue,Frederick,MD,21705,5108755576577307
Aubrey,McKiernan,87252 Manitowish Court,Lakewood,WA,98498,5048374589001793
